algarrobo,http://www.candideit.org/FCI/algarrobo/embeded
alhue,http://www.candideit.org/FCI/alhue/embeded
alto-bio-bio,http://www.candideit.org/FCI/alto-bio-bio/embeded
alto-del-carmen,http://www.candideit.org/FCI/alto-del-carmen/embeded
alto-hospicio,http://www.candideit.org/FCI/alto-hospicio/embeded
ancud,http://www.candideit.org/FCI/ancud/embeded
andacollo,http://www.candideit.org/FCI/andacollo/embeded
angol,http://www.candideit.org/FCI/angol/embeded
antofagasta,http://www.candideit.org/FCI/antofagasta/embeded
antuco,http://www.candideit.org/FCI/antuco/embeded
arauco,http://www.candideit.org/FCI/arauco/embeded
arica,http://www.candideit.org/FCI/arica/embeded
aysen,http://www.candideit.org/FCI/aysen/embeded
buin,http://www.candideit.org/FCI/buin/embeded
bulnes,http://www.candideit.org/FCI/bulnes/embeded
cabildo,http://www.candideit.org/FCI/cabildo/embeded
cabo-de-hornos,http://www.candideit.org/FCI/cabo-de-hornos/embeded
cabrero,http://www.candideit.org/FCI/cabrero/embeded
calama,http://www.candideit.org/FCI/calama/embeded
calbuco,http://www.candideit.org/FCI/calbuco/embeded
caldera,http://www.candideit.org/FCI/caldera/embeded
calera-de-tango,http://www.candideit.org/FCI/calera-de-tango/embeded
calle-larga,http://www.candideit.org/FCI/calle-larga/embeded
camarones,http://www.candideit.org/FCI/camarones/embeded
camina,http://www.candideit.org/FCI/camina/embeded
canela,http://www.candideit.org/FCI/canela/embeded
canete,http://www.candideit.org/FCI/canete/embeded
carahue,http://www.candideit.org/FCI/carahue/embeded
cartagena,http://www.candideit.org/FCI/cartagena/embeded
casablanca,http://www.candideit.org/FCI/casablanca/embeded
castro,http://www.candideit.org/FCI/castro/embeded
catemu,http://www.candideit.org/FCI/catemu/embeded
cauquenes,http://www.candideit.org/FCI/cauquenes/embeded
cerrillos,http://www.candideit.org/FCI/cerrillos/embeded
cerro-navia,http://www.candideit.org/FCI/cerro-navia/embeded
chaiten,http://www.candideit.org/FCI/chaiten/embeded
chanaral,http://www.candideit.org/FCI/chanaral/embeded
chanco,http://www.candideit.org/FCI/chanco/embeded
chepica,http://www.candideit.org/FCI/chepica/embeded
chiguayante,http://www.candideit.org/FCI/chiguayante/embeded
chile-chico,http://www.candideit.org/FCI/chile-chico/embeded
chillan,http://www.candideit.org/FCI/chillan/embeded
chillan-viejo,http://www.candideit.org/FCI/chillan-viejo/embeded
chimbarongo,http://www.candideit.org/FCI/chimbarongo/embeded
cholchol,http://www.candideit.org/FCI/cholchol/embeded
chonchi,http://www.candideit.org/FCI/chonchi/embeded
cisnes,http://www.candideit.org/FCI/cisnes/embeded
cobquecura,http://www.candideit.org/FCI/cobquecura/embeded
cochamo,http://www.candideit.org/FCI/cochamo/embeded
cochrane,http://www.candideit.org/FCI/cochrane/embeded
codegua,http://www.candideit.org/FCI/codegua/embeded
coelemu,http://www.candideit.org/FCI/coelemu/embeded
coihueco,http://www.candideit.org/FCI/coihueco/embeded
coinco,http://www.candideit.org/FCI/coinco/embeded
colbun,http://www.candideit.org/FCI/colbun/embeded
colchane,http://www.candideit.org/FCI/colchane/embeded
colina,http://www.candideit.org/FCI/colina/embeded
collipulli,http://www.candideit.org/FCI/collipulli/embeded
coltauco,http://www.candideit.org/FCI/coltauco/embeded
combarbala,http://www.candideit.org/FCI/combarbala/embeded
comuna,http://www.candideit.org/FCI/comuna/embeded
concepcion,http://www.candideit.org/FCI/concepcion/embeded
conchali,http://www.candideit.org/FCI/conchali/embeded
concon,http://www.candideit.org/FCI/concon/embeded
constitucion,http://www.candideit.org/FCI/constitucion/embeded
contulmo,http://www.candideit.org/FCI/contulmo/embeded
copiapo,http://www.candideit.org/FCI/copiapo/embeded
coquimbo,http://www.candideit.org/FCI/coquimbo/embeded
coronel,http://www.candideit.org/FCI/coronel/embeded
corral,http://www.candideit.org/FCI/corral/embeded
coyhaique,http://www.candideit.org/FCI/coyhaique/embeded
cunco,http://www.candideit.org/FCI/cunco/embeded
curacautin,http://www.candideit.org/FCI/curacautin/embeded
curacavi,http://www.candideit.org/FCI/curacavi/embeded
curaco-de-velez,http://www.candideit.org/FCI/curaco-de-velez/embeded
curanilahue,http://www.candideit.org/FCI/curanilahue/embeded
curarrehue,http://www.candideit.org/FCI/curarrehue/embeded
curepto,http://www.candideit.org/FCI/curepto/embeded
curico,http://www.candideit.org/FCI/curico/embeded
dalcahue,http://www.candideit.org/FCI/dalcahue/embeded
diego-de-almagro,http://www.candideit.org/FCI/diego-de-almagro/embeded
donihue,http://www.candideit.org/FCI/donihue/embeded
el-bosque,http://www.candideit.org/FCI/el-bosque/embeded
el-carmen,http://www.candideit.org/FCI/el-carmen/embeded
el-monte,http://www.candideit.org/FCI/el-monte/embeded
el-quisco,http://www.candideit.org/FCI/el-quisco/embeded
el-tabo,http://www.candideit.org/FCI/el-tabo/embeded
empedrado,http://www.candideit.org/FCI/empedrado/embeded
ercilla,http://www.candideit.org/FCI/ercilla/embeded
estacion-central,http://www.candideit.org/FCI/estacion-central/embeded
florida,http://www.candideit.org/FCI/florida/embeded
freire,http://www.candideit.org/FCI/freire/embeded
freirina,http://www.candideit.org/FCI/freirina/embeded
fresia,http://www.candideit.org/FCI/fresia/embeded
frutillar,http://www.candideit.org/FCI/frutillar/embeded
futaleufu,http://www.candideit.org/FCI/futaleufu/embeded
futrono,http://www.candideit.org/FCI/futrono/embeded
galvarino,http://www.candideit.org/FCI/galvarino/embeded
general-lagos,http://www.candideit.org/FCI/general-lagos/embeded
gorbea,http://www.candideit.org/FCI/gorbea/embeded
graneros,http://www.candideit.org/FCI/graneros/embeded
guaitecas,http://www.candideit.org/FCI/guaitecas/embeded
hijuelas,http://www.candideit.org/FCI/hijuelas/embeded
hualaihue,http://www.candideit.org/FCI/hualaihue/embeded
hualane,http://www.candideit.org/FCI/hualane/embeded
hualpen,http://www.candideit.org/FCI/hualpen/embeded
hualqui,http://www.candideit.org/FCI/hualqui/embeded
huara,http://www.candideit.org/FCI/huara/embeded
huasco,http://www.candideit.org/FCI/huasco/embeded
huechuraba,http://www.candideit.org/FCI/huechuraba/embeded
illapel,http://www.candideit.org/FCI/illapel/embeded
independencia,http://www.candideit.org/FCI/independencia/embeded
iquique,http://www.candideit.org/FCI/iquique/embeded
isla-de-maipo,http://www.candideit.org/FCI/isla-de-maipo/embeded
isla-de-pascua,http://www.candideit.org/FCI/isla-de-pascua/embeded
juan-fernandez,http://www.candideit.org/FCI/juan-fernandez/embeded
la-calera,http://www.candideit.org/FCI/la-calera/embeded
la-cisterna,http://www.candideit.org/FCI/la-cisterna/embeded
la-cruz,http://www.candideit.org/FCI/la-cruz/embeded
la-estrella,http://www.candideit.org/FCI/la-estrella/embeded
la-florida,http://www.candideit.org/FCI/la-florida/embeded
la-granja,http://www.candideit.org/FCI/la-granja/embeded
la-higuera,http://www.candideit.org/FCI/la-higuera/embeded
la-ligua,http://www.candideit.org/FCI/la-ligua/embeded
la-pintana,http://www.candideit.org/FCI/la-pintana/embeded
la-reina,http://www.candideit.org/FCI/la-reina/embeded
la-serena,http://www.candideit.org/FCI/la-serena/embeded
la-union,http://www.candideit.org/FCI/la-union/embeded
lago-ranco,http://www.candideit.org/FCI/lago-ranco/embeded
lago-verde,http://www.candideit.org/FCI/lago-verde/embeded
laguna-blanca,http://www.candideit.org/FCI/laguna-blanca/embeded
laja,http://www.candideit.org/FCI/laja/embeded
lampa,http://www.candideit.org/FCI/lampa/embeded
lanco,http://www.candideit.org/FCI/lanco/embeded
las-cabras,http://www.candideit.org/FCI/las-cabras/embeded
las-condes,http://www.candideit.org/FCI/las-condes/embeded
lautaro,http://www.candideit.org/FCI/lautaro/embeded
lebu,http://www.candideit.org/FCI/lebu/embeded
licanten,http://www.candideit.org/FCI/licanten/embeded
limache,http://www.candideit.org/FCI/limache/embeded
linares,http://www.candideit.org/FCI/linares/embeded
litueche,http://www.candideit.org/FCI/litueche/embeded
llanquihue,http://www.candideit.org/FCI/llanquihue/embeded
llay-llay,http://www.candideit.org/FCI/llay-llay/embeded
lo-barnechea,http://www.candideit.org/FCI/lo-barnechea/embeded
lo-espejo,http://www.candideit.org/FCI/lo-espejo/embeded
lo-prado,http://www.candideit.org/FCI/lo-prado/embeded
lolol,http://www.candideit.org/FCI/lolol/embeded
loncoche,http://www.candideit.org/FCI/loncoche/embeded
longavi,http://www.candideit.org/FCI/longavi/embeded
lonquimay,http://www.candideit.org/FCI/lonquimay/embeded
los-alamos,http://www.candideit.org/FCI/los-alamos/embeded
los-andes,http://www.candideit.org/FCI/los-andes/embeded
los-angeles,http://www.candideit.org/FCI/los-angeles/embeded
los-lagos,http://www.candideit.org/FCI/los-lagos/embeded
los-muermos,http://www.candideit.org/FCI/los-muermos/embeded
los-sauces,http://www.candideit.org/FCI/los-sauces/embeded
los-vilos,http://www.candideit.org/FCI/los-vilos/embeded
lota,http://www.candideit.org/FCI/lota/embeded
lumaco,http://www.candideit.org/FCI/lumaco/embeded
machali,http://www.candideit.org/FCI/machali/embeded
macul,http://www.candideit.org/FCI/macul/embeded
mafil,http://www.candideit.org/FCI/mafil/embeded
maipu,http://www.candideit.org/FCI/maipu/embeded
malloa,http://www.candideit.org/FCI/malloa/embeded
marchihue,http://www.candideit.org/FCI/marchihue/embeded
maria-elena,http://www.candideit.org/FCI/maria-elena/embeded
maria-pinto,http://www.candideit.org/FCI/maria-pinto/embeded
mariquina,http://www.candideit.org/FCI/mariquina/embeded
maule,http://www.candideit.org/FCI/maule/embeded
maullin,http://www.candideit.org/FCI/maullin/embeded
mejillones,http://www.candideit.org/FCI/mejillones/embeded
melipeuco,http://www.candideit.org/FCI/melipeuco/embeded
melipilla,http://www.candideit.org/FCI/melipilla/embeded
molina,http://www.candideit.org/FCI/molina/embeded
monte-patria,http://www.candideit.org/FCI/monte-patria/embeded
mostazal,http://www.candideit.org/FCI/mostazal/embeded
mulchen,http://www.candideit.org/FCI/mulchen/embeded
nacimiento,http://www.candideit.org/FCI/nacimiento/embeded
nancagua,http://www.candideit.org/FCI/nancagua/embeded
natales,http://www.candideit.org/FCI/natales/embeded
navidad,http://www.candideit.org/FCI/navidad/embeded
negrete,http://www.candideit.org/FCI/negrete/embeded
ninhue,http://www.candideit.org/FCI/ninhue/embeded
niquen,http://www.candideit.org/FCI/niquen/embeded
nogales,http://www.candideit.org/FCI/nogales/embeded
nueva-imperial,http://www.candideit.org/FCI/nueva-imperial/embeded
nunoa,http://www.candideit.org/FCI/nunoa/embeded
ohiggins,http://www.candideit.org/FCI/ohiggins/embeded
olivar,http://www.candideit.org/FCI/olivar/embeded
ollague,http://www.candideit.org/FCI/ollague/embeded
olmue,http://www.candideit.org/FCI/olmue/embeded
osorno,http://www.candideit.org/FCI/osorno/embeded
ovalle,http://www.candideit.org/FCI/ovalle/embeded
padre-hurtado,http://www.candideit.org/FCI/padre-hurtado/embeded
padre-las-casas,http://www.candideit.org/FCI/padre-las-casas/embeded
paihuano,http://www.candideit.org/FCI/paihuano/embeded
paillaco,http://www.candideit.org/FCI/paillaco/embeded
paine,http://www.candideit.org/FCI/paine/embeded
palena,http://www.candideit.org/FCI/palena/embeded
palmilla,http://www.candideit.org/FCI/palmilla/embeded
panguipulli,http://www.candideit.org/FCI/panguipulli/embeded
panquehue,http://www.candideit.org/FCI/panquehue/embeded
papudo,http://www.candideit.org/FCI/papudo/embeded
paredones,http://www.candideit.org/FCI/paredones/embeded
parral,http://www.candideit.org/FCI/parral/embeded
pedro-aguirre-cerda,http://www.candideit.org/FCI/pedro-aguirre-cerda/embeded
pelarco,http://www.candideit.org/FCI/pelarco/embeded
pelluhue,http://www.candideit.org/FCI/pelluhue/embeded
pemuco,http://www.candideit.org/FCI/pemuco/embeded
penaflor,http://www.candideit.org/FCI/penaflor/embeded
penalolen,http://www.candideit.org/FCI/penalolen/embeded
pencahue,http://www.candideit.org/FCI/pencahue/embeded
penco,http://www.candideit.org/FCI/penco/embeded
peralillo,http://www.candideit.org/FCI/peralillo/embeded
perquenco,http://www.candideit.org/FCI/perquenco/embeded
petorca,http://www.candideit.org/FCI/petorca/embeded
peumo,http://www.candideit.org/FCI/peumo/embeded
pica,http://www.candideit.org/FCI/pica/embeded
pichidegua,http://www.candideit.org/FCI/pichidegua/embeded
pichilemu,http://www.candideit.org/FCI/pichilemu/embeded
pinto,http://www.candideit.org/FCI/pinto/embeded
pirque,http://www.candideit.org/FCI/pirque/embeded
pitrufquen,http://www.candideit.org/FCI/pitrufquen/embeded
placilla,http://www.candideit.org/FCI/placilla/embeded
portezuelo,http://www.candideit.org/FCI/portezuelo/embeded
porvenir,http://www.candideit.org/FCI/porvenir/embeded
pozo-almonte,http://www.candideit.org/FCI/pozo-almonte/embeded
primavera,http://www.candideit.org/FCI/primavera/embeded
providencia,http://www.candideit.org/FCI/providencia/embeded
puchuncavi,http://www.candideit.org/FCI/puchuncavi/embeded
pucon,http://www.candideit.org/FCI/pucon/embeded
pudahuel,http://www.candideit.org/FCI/pudahuel/embeded
puente-alto,http://www.candideit.org/FCI/puente-alto/embeded
puerto-montt,http://www.candideit.org/FCI/puerto-montt/embeded
puerto-octay,http://www.candideit.org/FCI/puerto-octay/embeded
puerto-varas,http://www.candideit.org/FCI/puerto-varas/embeded
pumanque,http://www.candideit.org/FCI/pumanque/embeded
punitaqui,http://www.candideit.org/FCI/punitaqui/embeded
punta-arenas,http://www.candideit.org/FCI/punta-arenas/embeded
puqueldon,http://www.candideit.org/FCI/puqueldon/embeded
puren,http://www.candideit.org/FCI/puren/embeded
purranque,http://www.candideit.org/FCI/purranque/embeded
putaendo,http://www.candideit.org/FCI/putaendo/embeded
putre,http://www.candideit.org/FCI/putre/embeded
puyehue,http://www.candideit.org/FCI/puyehue/embeded
queilen,http://www.candideit.org/FCI/queilen/embeded
quellon,http://www.candideit.org/FCI/quellon/embeded
quemchi,http://www.candideit.org/FCI/quemchi/embeded
quilaco,http://www.candideit.org/FCI/quilaco/embeded
quilicura,http://www.candideit.org/FCI/quilicura/embeded
quilleco,http://www.candideit.org/FCI/quilleco/embeded
quillon,http://www.candideit.org/FCI/quillon/embeded
quillota,http://www.candideit.org/FCI/quillota/embeded
quilpue,http://www.candideit.org/FCI/quilpue/embeded
quinchao,http://www.candideit.org/FCI/quinchao/embeded
quinta-de-tilcoco,http://www.candideit.org/FCI/quinta-de-tilcoco/embeded
quinta-normal,http://www.candideit.org/FCI/quinta-normal/embeded
quintero,http://www.candideit.org/FCI/quintero/embeded
quirihue,http://www.candideit.org/FCI/quirihue/embeded
rancagua,http://www.candideit.org/FCI/rancagua/embeded
ranquil,http://www.candideit.org/FCI/ranquil/embeded
rauco,http://www.candideit.org/FCI/rauco/embeded
recoleta,http://www.candideit.org/FCI/recoleta/embeded
renaico,http://www.candideit.org/FCI/renaico/embeded
renca,http://www.candideit.org/FCI/renca/embeded
rengo,http://www.candideit.org/FCI/rengo/embeded
requinoa,http://www.candideit.org/FCI/requinoa/embeded
retiro,http://www.candideit.org/FCI/retiro/embeded
rinconada,http://www.candideit.org/FCI/rinconada/embeded
rio-bueno,http://www.candideit.org/FCI/rio-bueno/embeded
rio-claro,http://www.candideit.org/FCI/rio-claro/embeded
rio-hurtado,http://www.candideit.org/FCI/rio-hurtado/embeded
rio-ibanez,http://www.candideit.org/FCI/rio-ibanez/embeded
rio-negro,http://www.candideit.org/FCI/rio-negro/embeded
rio-verde,http://www.candideit.org/FCI/rio-verde/embeded
romeral,http://www.candideit.org/FCI/romeral/embeded
saavedra,http://www.candideit.org/FCI/saavedra/embeded
sagrada-familia,http://www.candideit.org/FCI/sagrada-familia/embeded
salamanca,http://www.candideit.org/FCI/salamanca/embeded
san-antonio,http://www.candideit.org/FCI/san-antonio/embeded
san-bernardo,http://www.candideit.org/FCI/san-bernardo/embeded
san-carlos,http://www.candideit.org/FCI/san-carlos/embeded
san-clemente,http://www.candideit.org/FCI/san-clemente/embeded
san-esteban,http://www.candideit.org/FCI/san-esteban/embeded
san-fabian,http://www.candideit.org/FCI/san-fabian/embeded
san-felipe,http://www.candideit.org/FCI/san-felipe/embeded
san-fernando,http://www.candideit.org/FCI/san-fernando/embeded
san-gregorio,http://www.candideit.org/FCI/san-gregorio/embeded
san-ignacio,http://www.candideit.org/FCI/san-ignacio/embeded
san-javier,http://www.candideit.org/FCI/san-javier/embeded
san-joaquin,http://www.candideit.org/FCI/san-joaquin/embeded
san-jose-de-maipo,http://www.candideit.org/FCI/san-jose-de-maipo/embeded
san-juan-de-la-costa,http://www.candideit.org/FCI/san-juan-de-la-costa/embeded
san-miguel,http://www.candideit.org/FCI/san-miguel/embeded
san-nicolas,http://www.candideit.org/FCI/san-nicolas/embeded
san-pablo,http://www.candideit.org/FCI/san-pablo/embeded
san-pedro,http://www.candideit.org/FCI/san-pedro/embeded
san-pedro-de-atacama,http://www.candideit.org/FCI/san-pedro-de-atacama/embeded
san-pedro-de-la-paz,http://www.candideit.org/FCI/san-pedro-de-la-paz/embeded
san-rafael,http://www.candideit.org/FCI/san-rafael/embeded
san-ramon,http://www.candideit.org/FCI/san-ramon/embeded
san-rosendo,http://www.candideit.org/FCI/san-rosendo/embeded
san-vicente,http://www.candideit.org/FCI/san-vicente/embeded
santa-barbara,http://www.candideit.org/FCI/santa-barbara/embeded
santa-cruz,http://www.candideit.org/FCI/santa-cruz/embeded
santa-juana,http://www.candideit.org/FCI/santa-juana/embeded
santa-maria,http://www.candideit.org/FCI/santa-maria/embeded
santiago,http://www.candideit.org/FCI/santiago/embeded
santo-domingo,http://www.candideit.org/FCI/santo-domingo/embeded
sierra-gorda,http://www.candideit.org/FCI/sierra-gorda/embeded
talagante,http://www.candideit.org/FCI/talagante/embeded
talca,http://www.candideit.org/FCI/talca/embeded
talcahuano,http://www.candideit.org/FCI/talcahuano/embeded
taltal,http://www.candideit.org/FCI/taltal/embeded
temuco,http://www.candideit.org/FCI/temuco/embeded
teno,http://www.candideit.org/FCI/teno/embeded
teodoro-schmidt,http://www.candideit.org/FCI/teodoro-schmidt/embeded
tierra-amarilla,http://www.candideit.org/FCI/tierra-amarilla/embeded
tiltil,http://www.candideit.org/FCI/tiltil/embeded
timaukel,http://www.candideit.org/FCI/timaukel/embeded
tirua,http://www.candideit.org/FCI/tirua/embeded
tocopilla,http://www.candideit.org/FCI/tocopilla/embeded
tolten,http://www.candideit.org/FCI/tolten/embeded
tome,http://www.candideit.org/FCI/tome/embeded
torres-del-payne,http://www.candideit.org/FCI/torres-del-payne/embeded
tortel,http://www.candideit.org/FCI/tortel/embeded
traiguen,http://www.candideit.org/FCI/traiguen/embeded
trehuaco,http://www.candideit.org/FCI/trehuaco/embeded
tucapel,http://www.candideit.org/FCI/tucapel/embeded
valdivia,http://www.candideit.org/FCI/valdivia/embeded
vallenar,http://www.candideit.org/FCI/vallenar/embeded
valparaiso,http://www.candideit.org/FCI/valparaiso/embeded
vichuquen,http://www.candideit.org/FCI/vichuquen/embeded
victoria,http://www.candideit.org/FCI/victoria/embeded
vicuna,http://www.candideit.org/FCI/vicuna/embeded
vilcun,http://www.candideit.org/FCI/vilcun/embeded
villa-alegre,http://www.candideit.org/FCI/villa-alegre/embeded
villa-alemana,http://www.candideit.org/FCI/villa-alemana/embeded
villarrica,http://www.candideit.org/FCI/villarrica/embeded
vina-del-mar,http://www.candideit.org/FCI/vina-del-mar/embeded
vitacura,http://www.candideit.org/FCI/vitacura/embeded
yerbas-buenas,http://www.candideit.org/FCI/yerbas-buenas/embeded
yumbel,http://www.candideit.org/FCI/yumbel/embeded
yungay,http://www.candideit.org/FCI/yungay/embeded
zapallar,http://www.candideit.org/FCI/zapallar/embeded
